Name,Link
2021-09-02-Paradoxes in Data Science,https://medium.com/@pierpaoloippolito28/cab0869ef23d
2021-08-11-Answering Causal Questions in AI,https://medium.com/@pierpaoloippolito28/87c9b53e3a72
2021-07-15-Causal Reasoning in Machine Learning,https://medium.com/@pierpaoloippolito28/4f2a6e32fde9
2021-06-22-Fair and Explainable Machine Learning,https://medium.com/@pierpaoloippolito28/25b802b00bec
2021-05-06-Online Learning: Recursive Least Squares and Online PCA,https://medium.com/@pierpaoloippolito28/c05bd23106c9
2021-04-08-Reinforcement Learning for anyone: Open AI Gym and Ray,https://medium.com/@pierpaoloippolito28/ee365a7d1ecc
2021-03-10-Getting started with Reinforcement Learning,https://medium.com/@pierpaoloippolito28/cf2f2655854
2021-02-11-Creating Online Data-Driven Presentations,https://medium.com/@pierpaoloippolito28/6b25fc626072
2021-01-12-Modelling and Simulations in Data Science,https://medium.com/@pierpaoloippolito28/b3f546a953d1
2020-12-04-Top 5 Programming Languages to bet on for 2021,https://medium.com/@pierpaoloippolito28/55badb95bfd1
2020-11-10-Cloud Foundations for Data Scientists,https://medium.com/@pierpaoloippolito28/e9d0c14fc98a
2020-10-08-Machine Learning Visualization,https://medium.com/@pierpaoloippolito28/fcc39a1e376a
2020-09-24-Gradio: graphical interfaces for Machine Learning models,https://medium.com/@pierpaoloippolito28/fd4880964f8f
2020-09-15-ONNX: Easily Exchange Deep Learning Models,https://medium.com/@pierpaoloippolito28/f3c42100fd77
2020-08-19-Getting started in AI Research,https://medium.com/@pierpaoloippolito28/a683e6845537
2020-08-06-What do we mean by intelligence?,https://medium.com/@pierpaoloippolito28/f69673f1559e
2020-07-15-Getting started with PyTorch,https://medium.com/@pierpaoloippolito28/9bae16926744
2020-06-24-Roadmap to Natural Language Processing (NLP),https://medium.com/@pierpaoloippolito28/38a81dcff3a6
2020-06-04-Stacked Capsule Autoencoders,https://medium.com/@pierpaoloippolito28/f632c44be496
2020-05-05-Deploying Machine Learning projects using Tkinter,https://medium.com/@pierpaoloippolito28/7f0ddc7f1bd1
2020-04-02-Roadmap to Computer Vision,https://medium.com/@pierpaoloippolito28/79106beb8be4
2020-03-10-Introduction to Evolutionary Algorithms,https://medium.com/@pierpaoloippolito28/1278f335ead6
2020-02-13-Publishing your own Data Science documentation/book on the web,https://medium.com/@pierpaoloippolito28/d859caa07b46
2020-01-23-Disability diagnostic using EEG Time Series Analysis,https://medium.com/@pierpaoloippolito28/8035300837ac
2020-01-02-Future of Cyber Security for Connected and Autonomous Vehicles,https://medium.com/@pierpaoloippolito28/4c553def6d50
2019-12-15-Q&A: Common Questions in Data Science,https://medium.com/@pierpaoloippolito28/7cd7f9d82a8d
2019-11-29-Optimal Estimation Algorithms: Kalman and Particle Filters,https://medium.com/@pierpaoloippolito28/be62dcb5e83
2019-11-15-Feature Engineering Techniques,https://medium.com/@pierpaoloippolito28/9a57e4901545
2019-10-31-Writing for Towards Data Science: More Than a Community,https://medium.com/@pierpaoloippolito28/6c9f0452b280
2019-10-24-Mobile World Congress 2019: The Latest AI Advancements,https://medium.com/@pierpaoloippolito28/7af392bf3d
2019-10-10-Feature Extraction Techniques,https://medium.com/@pierpaoloippolito28/d619b56e31be
2019-10-03-Feature Selection Techniques,https://medium.com/@pierpaoloippolito28/1bfab5fe0784
2019-09-26-Hyperparameters Optimization,https://medium.com/@pierpaoloippolito28/526348bb8e2d
2019-09-20-Game Theory in Artificial Intelligence,https://medium.com/@pierpaoloippolito28/57a7937e1b88
2019-09-12-Getting started with R Programming,https://medium.com/@pierpaoloippolito28/2f15e9256c9
2019-09-02-SQL For Data Science,https://medium.com/@pierpaoloippolito28/f9a42ae66bbb
2019-08-27-Interactive Dashboards for Data Science,https://medium.com/@pierpaoloippolito28/51aa038279e5
2019-08-22-Probability Distributions in Data Science,https://medium.com/@pierpaoloippolito28/cce6e64873a7
2019-08-15-Getting Started with Augmented and Virtual Reality,https://medium.com/@pierpaoloippolito28/a51446661c3
2019-08-08-Stochastic Processes Analysis,https://medium.com/@pierpaoloippolito28/f0a116999e4
2019-08-07-Online Machine Learning with Tensorflow.js,https://medium.com/@pierpaoloippolito28/2ae232352901
2019-07-30-Deep Learning Analysis Using Large Model Support,https://medium.com/@pierpaoloippolito28/3a67a919255
2019-07-24-GPU Accelerated Data Analytics & Machine Learning,https://medium.com/@pierpaoloippolito28/963aebe956ce
2019-07-16-Interactive Data Visualization,https://medium.com/@pierpaoloippolito28/167ae26016e8
2019-07-11-Big Data Analysis: Spark and Hadoop,https://medium.com/@pierpaoloippolito28/a11ba591c057
2019-07-01-AI Differential Privacy and Federated Learning,https://medium.com/@pierpaoloippolito28/523146d46b85
2019-06-27-Understanding Cancer using Machine Learning,https://medium.com/@pierpaoloippolito28/84087258ee18
2019-06-17-Flask and Heroku for online Machine Learning deployment,https://medium.com/@pierpaoloippolito28/425beb54a274
2019-06-03-SVM: Feature Selection and Kernels,https://medium.com/@pierpaoloippolito28/840781cc1a6c
2019-05-21-Stock Market Analysis Using ARIMA,https://medium.com/@pierpaoloippolito28/8731ded2447a
2019-05-16-Computational Biology,https://medium.com/@pierpaoloippolito28/fca101e20412
2019-04-26-Robotic Process Automation (RPA) Using UIPath,https://medium.com/@pierpaoloippolito28/7b4645aeea5a
2019-04-18-Need for Explainability in AI and Robotics,https://medium.com/@pierpaoloippolito28/75dc6077c9fa
